ip,ttl,hostname,reply_len
163.253.1.227,9,1.1.1.1,48
42.118.124.100,17,103.106.105.238,20
63.84.102.138,11,103.129.28.133,48
10.255.236.86,16,103.135.131.17,20
130.117.1.234,17,103.138.162.150,48
103.155.54.2,17,103.155.54.254,20
115.112.163.70,15,103.209.26.14,48
129.250.3.45,13,103.255.172.158,20
208.115.136.37,8,103.79.244.244,20
163.253.1.227,9,104.16.161.240,48
163.253.1.227,9,104.17.156.99,48
163.253.1.227,9,104.17.96.47,48
163.253.2.17,9,104.18.0.50,20
163.253.1.227,9,104.18.10.104,48
163.253.1.225,9,104.18.10.6,48
163.253.1.227,9,104.18.102.99,48
163.253.1.225,9,104.18.103.106,48
163.253.1.225,9,104.18.13.114,48
163.253.1.227,9,104.18.15.26,48
163.253.1.225,9,104.18.15.9,48
163.253.1.227,9,104.18.16.148,48
163.253.1.225,9,104.18.16.189,48
163.253.1.227,9,104.18.18.12,48
163.253.1.225,9,104.18.19.127,48
163.253.1.227,9,104.18.2.251,48
163.253.1.225,9,104.18.2.30,48
163.253.1.227,9,104.18.20.123,48
163.253.1.225,9,104.18.21.136,48
163.253.1.225,9,104.18.21.138,48
163.253.1.227,9,104.18.23.183,48
163.253.1.225,9,104.18.25.106,48
163.253.1.225,9,104.18.26.194,48
163.253.1.227,9,104.18.28.45,48
163.253.1.227,9,104.18.3.219,48
163.253.1.225,9,104.18.31.124,48
163.253.1.227,9,104.18.31.177,48
163.253.1.227,9,104.18.35.36,48
163.253.1.227,9,104.18.35.45,48
163.253.1.227,9,104.18.36.244,48
163.253.1.225,9,104.18.38.137,48
163.253.1.225,9,104.18.4.29,48
163.253.1.227,9,104.18.4.49,48
163.253.1.225,9,104.18.4.65,48
163.253.1.227,9,104.18.40.96,48
163.253.1.225,9,104.18.42.236,48
163.253.1.225,9,104.18.6.51,48
163.253.1.227,9,104.18.7.36,48
163.253.1.227,9,104.18.9.63,48
163.253.1.227,9,104.18.95.196,48
163.253.1.225,9,104.19.157.83,48
142.251.195.172,8,104.198.14.52,20
104.200.139.234,19,104.200.139.234,20
163.253.1.225,9,104.21.1.126,48
163.253.1.227,9,104.21.1.175,48
163.253.2.17,9,104.21.1.195,20
163.253.1.227,9,104.21.10.249,48
163.253.1.227,10,104.21.10.32,48
163.253.1.227,9,104.21.11.168,48
163.253.1.227,9,104.21.112.1,48
163.253.1.227,9,104.21.15.38,48
163.253.1.225,10,104.21.16.1,48
163.253.1.227,11,104.21.17.187,48
163.253.1.227,9,104.21.18.108,48
163.253.1.227,9,104.21.18.165,48
163.253.1.227,9,104.21.18.226,48
163.253.1.225,9,104.21.18.89,48
163.253.1.225,9,104.21.2.88,48
163.253.1.225,9,104.21.28.28,48
163.253.1.225,9,104.21.28.45,48
163.253.1.227,9,104.21.32.1,48
163.253.1.227,10,104.21.32.72,48
163.253.1.227,9,104.21.33.213,48
163.253.1.225,9,104.21.35.128,48
163.253.1.227,9,104.21.36.247,48
163.253.1.225,9,104.21.36.97,48
163.253.1.227,9,104.21.38.2,48
163.253.1.225,9,104.21.38.205,48
163.253.1.227,9,104.21.4.84,48
163.253.1.225,9,104.21.40.65,48
163.253.1.227,9,104.21.41.83,48
163.253.1.225,9,104.21.46.111,48
163.253.1.227,9,104.21.46.53,48
163.253.1.225,10,104.21.48.1,48
163.253.1.227,9,104.21.52.89,48
163.253.1.227,9,104.21.54.188,48
163.253.1.225,9,104.21.54.192,48
163.253.1.225,9,104.21.55.169,48
163.253.1.225,9,104.21.58.167,48
163.253.1.225,9,104.21.59.49,48
163.253.1.225,9,104.21.59.94,48
163.253.1.225,9,104.21.6.150,48
163.253.1.225,9,104.21.62.251,48
163.253.1.225,9,104.21.64.1,48
163.253.1.227,9,104.21.64.78,48
163.253.1.225,9,104.21.67.20,48
163.253.1.227,9,104.21.68.85,48
163.253.1.227,9,104.21.71.135,48
163.253.1.225,9,104.21.74.3,48
163.253.1.227,10,104.21.76.252,48
163.253.1.227,9,104.21.80.1,48
163.253.1.225,9,104.21.80.197,48
163.253.1.225,9,104.21.81.131,48
163.253.1.227,9,104.21.87.233,48
163.253.1.227,9,104.21.87.236,48
163.253.1.227,9,104.21.87.252,48
163.253.1.227,9,104.21.88.109,48
163.253.1.225,9,104.21.9.54,48
163.253.1.227,9,104.21.90.41,48
163.253.1.225,9,104.21.96.1,48
163.253.1.227,9,104.22.17.130,48
163.253.1.227,9,104.22.20.112,48
163.253.1.225,9,104.22.48.85,48
163.253.2.17,9,104.22.54.146,20
163.253.1.227,9,104.22.64.249,48
163.253.1.225,9,104.22.68.99,48
163.253.1.225,9,104.22.71.151,48
163.253.1.225,9,104.22.71.246,48
163.253.1.225,9,104.22.8.153,48
163.253.1.225,9,104.22.8.210,48
104.247.84.102,11,104.247.81.53,20
163.253.1.227,9,104.26.0.183,48
163.253.1.225,9,104.26.0.85,48
163.253.1.225,9,104.26.1.121,48
163.253.1.225,10,104.26.1.174,48
163.253.1.225,9,104.26.10.163,48
163.253.1.225,9,104.26.11.105,48
163.253.1.225,9,104.26.11.50,48
163.253.1.227,9,104.26.11.87,48
163.253.1.225,9,104.26.12.107,48
163.253.1.225,9,104.26.12.13,48
163.253.1.227,9,104.26.12.213,48
163.253.1.227,9,104.26.12.250,48
163.253.1.225,9,104.26.13.142,48
163.253.1.227,9,104.26.13.174,48
163.253.1.227,9,104.26.13.190,48
163.253.1.227,9,104.26.13.212,48
163.253.1.227,9,104.26.13.236,48
163.253.1.227,9,104.26.14.193,48
163.253.1.227,9,104.26.15.16,48
163.253.1.227,9,104.26.15.225,48
163.253.1.227,9,104.26.15.246,48
163.253.1.225,9,104.26.3.113,48
163.253.1.227,9,104.26.3.44,48
163.253.1.225,9,104.26.3.69,48
163.253.1.227,9,104.26.4.129,48
163.253.1.227,9,104.26.5.194,48
163.253.1.225,9,104.26.5.236,48
163.253.1.225,9,104.26.5.238,48
163.253.1.225,9,104.26.6.205,48
163.253.1.225,9,104.26.6.59,48
163.253.1.227,9,104.26.6.75,48
163.253.1.227,9,104.26.7.187,48
163.253.1.225,9,104.26.7.210,48
163.253.1.227,9,104.26.7.238,48
163.253.1.225,9,104.26.7.76,48
163.253.1.225,9,104.26.9.230,48
104.94.221.221,16,104.94.221.221,20
173.236.2.153,14,107.6.136.42,20
15.230.192.2,11,108.156.107.120,20
15.230.192.3,11,108.156.107.122,20
15.230.192.3,11,108.156.107.74,20
15.230.192.9,11,108.156.120.77,20
15.230.192.8,11,108.156.120.82,20
15.230.192.9,11,108.156.120.95,20
15.230.192.8,11,108.156.120.97,20
15.230.192.1,11,108.156.91.120,20
180.87.168.44,14,108.157.32.2,20
15.230.192.13,11,108.159.227.16,20
15.230.192.12,11,108.159.227.30,20
15.230.192.12,11,108.159.227.5,20
15.230.192.12,11,108.159.227.84,20
15.230.192.12,11,108.159.227.86,20
163.253.1.227,9,108.165.216.52,48
99.198.126.17,14,108.178.43.98,20
109.69.184.161,15,109.69.190.171,20
163.253.1.143,9,112.78.216.231,48
14.18.199.106,15,114.117.112.127,48
202.97.93.209,11,116.196.122.26,48
195.201.65.226,19,116.203.227.212,20
211.99.177.185,16,120.133.56.102,48
202.97.93.213,12,120.25.192.146,48
202.97.60.41,11,120.48.15.153,48
121.241.25.1,14,121.241.25.1,20
202.97.60.61,11,121.37.146.94,48
128.140.18.20,21,128.140.101.132,20
13.104.183.217,16,13.107.213.64,20
13.104.183.217,15,13.107.246.10,20
13.104.141.47,15,13.107.246.51,20
62.115.114.89,15,13.234.22.12,48
163.253.1.225,9,13.248.160.137,48
15.230.206.0,11,13.32.164.30,20
163.253.1.225,9,13.32.164.37,48
15.230.206.1,11,13.32.164.52,20
108.166.252.11,13,13.59.140.116,20
51.10.23.20,22,13.80.7.175,20
62.115.123.12,13,130.61.158.165,20
163.253.1.45,11,134.122.124.143,48
154.24.24.158,19,134.195.13.23,48
134.213.97.153,12,134.213.187.171,48
62.115.137.134,19,135.181.56.37,20
108.166.244.0,14,135.84.124.41,20
62.115.120.71,15,136.243.156.120,48
62.115.120.71,14,138.201.131.40,48
12.55.45.233,10,138.92.9.125,48
139.173.84.33,21,139.173.84.158,20
12.55.45.233,10,139.45.197.243,48
14.97.18.42,17,14.97.18.42,20
62.115.140.97,12,140.150.29.42,48
207.98.127.242,18,140.211.9.53,20
163.253.1.225,9,141.193.213.10,48
163.253.1.227,9,141.193.213.11,48
163.253.1.225,9,141.193.213.20,48
163.253.1.227,9,141.193.213.21,48
37.59.16.36,11,141.94.244.79,48
64.125.25.72,10,142.11.206.210,20
62.115.120.71,14,142.132.134.52,48
76.11.88.206,15,142.227.51.65,20
145.128.234.101,17,145.128.234.101,20
62.161.235.93,13,145.226.174.84,48
145.88.209.33,17,145.88.218.205,20
184.104.188.23,8,146.19.173.172,20
202.84.224.197,21,146.190.6.177,48
213.242.109.242,13,146.255.98.160,48
94.23.122.136,12,147.135.188.3,48
148.251.196.18,17,148.251.196.18,20
163.253.1.197,16,149.28.150.77,48
52.95.63.82,12,15.197.131.231,20
163.253.1.227,9,15.197.146.156,48
163.253.1.225,9,15.197.148.33,48
52.95.63.62,12,15.197.167.90,20
163.253.1.225,9,15.197.176.104,48
163.253.1.227,9,15.197.179.249,48
163.253.1.225,9,15.197.188.249,48
163.253.1.227,9,15.197.228.172,48
163.253.1.223,9,151.101.1.193,48
163.253.1.221,9,151.101.1.91,48
163.253.1.227,9,151.101.129.91,48
163.253.1.223,9,151.101.131.10,48
163.253.1.227,9,151.101.193.79,48
163.253.1.221,9,151.101.193.91,48
163.253.1.225,9,151.101.194.133,48
163.253.1.223,9,151.101.2.132,48
163.253.1.223,9,151.101.66.49,48
163.253.1.227,9,151.101.67.1,48
62.115.115.133,14,151.106.64.142,48
151.106.67.12,16,151.106.67.171,20
152.2.255.166,15,152.19.134.196,20
58.138.81.229,10,153.120.111.253,48
149.11.183.234,21,154.56.104.20,48
192.212.254.164,12,155.13.48.56,20
62.115.138.237,13,155.138.199.55,48
217.61.32.119,16,158.58.172.4,48
163.253.1.41,11,159.203.105.91,48
163.253.1.45,12,159.65.179.165,48
66.110.48.14,13,159.89.122.150,20
62.115.127.7,13,159.89.17.164,48
62.115.132.218,13,160.46.226.165,20
163.253.1.225,9,160.92.125.62,48
63.223.58.134,17,161.117.171.174,48
62.115.127.7,13,161.35.204.234,48
163.253.1.43,11,161.35.253.133,48
163.253.1.221,9,162.125.248.21,48
163.253.2.89,14,162.142.76.8,48
163.253.1.227,9,162.159.135.42,48
163.253.1.225,9,162.159.136.54,48
54.36.50.232,11,162.19.180.140,48
173.208.126.11,11,162.210.199.153,20
162.144.240.135,19,162.241.216.20,20
162.144.240.127,15,162.241.226.220,20
62.115.120.71,16,162.55.84.224,48
164.100.140.34,13,164.100.140.16,20
12.55.45.233,10,165.160.15.20,48
192.99.146.140,8,167.114.1.130,48
49.12.142.243,19,167.233.15.30,20
62.115.120.71,15,167.235.8.74,48
169.53.17.192,13,169.38.132.165,20
161.156.99.146,16,169.48.36.132,20
169.45.18.4,10,169.60.155.199,20
23.197.78.74,19,172.104.246.157,20
209.192.153.203,11,172.240.127.234,20
12.55.45.233,10,172.240.41.62,48
163.253.1.225,9,172.64.148.212,48
163.253.1.227,9,172.64.150.84,48
163.253.1.225,9,172.64.152.115,48
163.253.1.227,9,172.64.152.95,48
163.253.1.227,9,172.64.155.4,48
163.253.1.225,9,172.66.40.251,48
163.253.1.225,9,172.66.40.68,48
163.253.1.225,9,172.66.40.95,48
163.253.1.227,9,172.66.43.128,48
163.253.1.227,10,172.66.43.201,48
163.253.1.227,9,172.66.43.217,48
163.253.1.225,9,172.67.129.180,48
163.253.1.227,9,172.67.130.240,48
163.253.1.225,9,172.67.132.136,48
163.253.1.227,9,172.67.136.103,48
163.253.1.227,9,172.67.138.125,48
163.253.1.225,9,172.67.140.35,48
163.253.1.225,9,172.67.147.12,48
163.253.1.225,9,172.67.152.60,48
163.253.1.227,9,172.67.154.157,48
163.253.1.227,9,172.67.157.26,48
163.253.1.227,9,172.67.166.183,48
163.253.1.227,9,172.67.166.245,48
163.253.1.225,9,172.67.168.228,48
163.253.1.225,9,172.67.168.78,48
163.253.1.227,9,172.67.169.21,48
163.253.2.17,9,172.67.172.5,20
163.253.1.227,9,172.67.173.94,48
163.253.1.225,9,172.67.175.30,48
163.253.1.227,9,172.67.177.130,48
163.253.1.227,9,172.67.179.165,48
163.253.1.225,9,172.67.182.157,48
163.253.1.225,9,172.67.182.22,48
163.253.1.227,10,172.67.182.239,48
163.253.1.227,9,172.67.184.97,48
163.253.1.227,9,172.67.188.116,48
163.253.1.225,9,172.67.190.30,48
163.253.1.225,9,172.67.192.144,48
163.253.1.225,9,172.67.192.203,48
163.253.1.225,9,172.67.195.168,48
163.253.1.227,9,172.67.195.242,48
163.253.1.227,9,172.67.199.4,48
163.253.1.225,9,172.67.20.167,48
163.253.1.227,9,172.67.208.21,48
163.253.1.227,9,172.67.209.32,48
163.253.1.225,9,172.67.211.207,48
163.253.1.227,9,172.67.212.142,48
163.253.2.17,9,172.67.212.234,20
163.253.1.225,9,172.67.213.66,48
163.253.1.227,9,172.67.219.96,48
163.253.1.225,9,172.67.220.184,48
163.253.1.227,9,172.67.221.161,48
163.253.1.227,9,172.67.222.7,48
163.253.1.225,9,172.67.24.239,48
163.253.1.227,9,172.67.28.90,48
163.253.1.227,9,172.67.29.73,48
163.253.1.225,9,172.67.39.45,48
163.253.1.227,9,172.67.41.26,48
163.253.1.225,9,172.67.65.237,48
163.253.1.225,9,172.67.68.17,48
163.253.1.225,9,172.67.68.240,48
163.253.1.227,9,172.67.68.9,48
163.253.1.225,9,172.67.69.76,48
163.253.1.225,9,172.67.70.158,48
163.253.1.227,9,172.67.70.240,48
163.253.1.225,9,172.67.71.224,48
163.253.1.225,9,172.67.72.122,48
163.253.1.225,10,172.67.72.45,48
163.253.1.225,9,172.67.72.75,48
163.253.1.227,9,172.67.72.93,48
163.253.1.227,9,172.67.73.122,48
163.253.1.227,9,172.67.73.161,48
163.253.1.227,9,172.67.73.2,48
163.253.1.227,9,172.67.73.234,48
163.253.1.225,9,172.67.73.55,48
163.253.1.227,9,172.67.73.82,48
163.253.1.225,9,172.67.74.167,48
163.253.1.225,9,172.67.75.106,48
163.253.1.225,9,172.67.75.139,48
163.253.1.225,9,172.67.9.23,48
23.192.0.102,17,173.230.132.238,20
10.203.7.44,21,173.255.240.119,20
163.253.1.41,11,174.138.51.92,48
218.50.5.246,18,175.126.178.45,48
154.54.72.134,25,176.123.1.136,48
62.115.120.71,15,176.9.15.229,48
163.253.1.45,11,178.128.133.105,48
202.84.224.197,22,178.128.209.14,48
176.74.228.38,13,178.18.87.51,20
66.198.155.18,12,178.248.232.181,20
66.198.155.18,12,178.248.234.59,20
66.198.155.18,12,178.248.237.192,20
213.251.130.102,11,178.33.57.201,48
15.230.206.22,11,18.154.110.76,20
15.230.206.24,11,18.154.185.18,20
15.230.206.25,11,18.154.185.24,20
15.230.192.15,11,18.160.200.111,20
15.230.206.8,11,18.160.213.60,20
15.230.206.8,11,18.160.213.71,20
15.230.206.9,11,18.160.213.76,20
15.230.206.9,11,18.160.213.78,20
15.230.206.11,11,18.160.225.60,20
15.230.206.10,11,18.160.225.87,20
15.230.206.15,11,18.160.249.52,20
15.230.192.24,11,18.172.134.20,20
15.230.192.25,11,18.172.134.30,20
116.0.74.23,12,18.180.197.21,20
62.115.127.7,14,18.195.253.23,48
62.115.140.73,14,18.199.227.209,48
62.115.138.169,14,18.203.90.196,20
52.93.249.63,11,18.232.116.75,20
108.166.228.83,21,18.236.43.124,20
15.230.206.2,11,18.64.183.98,20
114.0.78.205,18,182.253.188.77,48
62.115.125.55,13,184.168.221.15,20
23.212.6.129,12,184.31.100.109,20
66.198.155.18,12,185.104.208.8,20
62.115.136.221,15,185.129.248.181,48
184.104.189.26,9,185.139.68.139,20
154.54.58.202,17,185.142.133.52,48
72.52.92.70,9,185.143.232.201,20
38.32.205.210,17,185.155.102.61,20
63.218.65.54,18,185.162.85.20,48
62.115.135.109,15,185.165.123.4,20
176.62.175.68,17,185.175.196.90,24
62.115.134.247,14,185.178.208.157,20
185.18.207.59,23,185.18.205.182,20
184.104.194.189,10,185.181.104.26,20
163.253.1.223,9,185.199.108.153,48
62.115.134.247,13,185.215.4.30,20
12.55.45.233,10,185.228.248.92,48
62.115.138.190,14,185.230.63.171,48
37.208.107.210,9,185.26.156.199,20
212.106.100.24,17,185.4.44.114,20
162.158.219.58,14,185.46.231.92,20
52.93.145.28,17,185.49.134.3,20
89.221.34.71,18,185.49.84.236,48
185.53.36.177,9,185.53.36.177,20
176.10.245.246,21,185.84.52.157,20
12.55.45.233,10,185.92.0.4,48
186.234.188.202,20,186.234.166.13,20
187.111.111.2,14,187.111.98.123,20
32.130.91.65,11,187.87.48.5,48
72.52.92.129,9,188.120.237.183,20
72.52.92.129,10,188.127.224.187,20
80.95.153.138,16,188.138.125.79,20
163.253.1.227,9,188.164.248.12,48
49.13.177.108,17,188.34.176.100,20
163.253.1.225,9,192.104.182.109,48
163.253.1.227,9,192.104.183.109,48
66.28.4.194,11,192.124.249.167,48
154.54.6.221,11,192.124.249.2,48
66.28.4.194,11,192.124.249.63,48
12.55.45.233,10,192.185.184.25,48
192.92.240.41,11,192.92.240.162,20
193.102.155.4,19,193.102.155.142,20
194.210.5.75,17,193.136.40.34,20
91.129.18.33,21,193.14.90.203,20
193.192.11.5,17,193.192.10.184,20
207.226.224.146,19,193.194.156.162,48
63.218.218.74,17,193.233.15.77,48
193.140.10.178,19,193.255.208.208,20
193.30.67.10,19,193.30.67.141,20
217.163.129.170,12,193.33.178.38,48
62.115.139.172,13,193.37.137.202,20
193.51.180.101,14,193.51.117.26,48
63.218.233.150,18,194.225.228.111,48
62.153.181.226,12,194.59.37.23,48
194.63.255.17,13,194.63.248.52,20
194.97.143.65,18,194.97.137.243,20
195.128.157.168,16,195.128.157.168,24
62.115.138.37,15,195.191.151.249,48
195.20.220.60,14,195.20.221.239,20
89.238.217.183,19,195.242.211.124,20
84.255.250.218,17,195.245.250.84,20
185.54.123.1,18,195.30.108.83,20
184.104.189.26,11,195.85.231.19,20
195.22.210.63,13,196.12.207.0,48
196.30.121.138,11,196.30.3.226,20
10.25.0.67,11,198.101.128.6,48
62.115.137.121,14,198.12.240.20,48
2.23.133.10,8,198.185.159.135,20
2.23.132.33,8,198.185.159.144,20
208.56.233.249,13,198.251.120.34,20
163.253.1.223,9,199.232.193.246,48
163.253.1.223,9,199.232.197.246,48
199.244.252.28,14,199.244.252.28,20
163.253.1.225,9,199.60.103.150,48
156.146.97.42,13,199.85.209.169,48
80.231.245.41,20,2.59.132.17,20
104.44.50.18,18,20.110.197.31,20
104.44.7.217,16,20.118.138.142,20
104.44.50.138,19,20.119.136.18,48
104.44.49.202,20,20.119.8.45,48
51.10.6.250,19,20.125.120.44,20
51.10.6.250,19,20.14.28.15,20
104.44.55.194,18,20.236.74.12,20
104.44.50.152,19,20.81.145.108,20
51.10.16.204,22,20.90.134.17,48
104.44.50.128,21,20.94.86.77,48
200.11.1.254,24,200.11.2.11,20
62.216.140.78,19,202.154.200.1,20
62.115.123.12,14,202.55.176.19,20
202.97.93.209,11,203.107.33.10,48
172.69.57.161,14,204.155.62.37,20
12.55.45.233,10,204.16.169.54,48
12.55.45.233,10,205.185.112.55,48
62.115.127.7,14,206.189.241.187,48
173.208.126.27,11,207.244.67.216,20
63.76.54.12,14,208.90.189.176,20
208.91.62.27,10,208.91.62.27,20
12.55.45.233,10,209.119.1.14,48
62.115.139.112,12,210.155.3.54,20
112.191.118.147,15,211.104.175.40,20
219.158.96.33,19,211.94.119.28,48
195.154.2.102,17,212.129.25.132,48
184.104.189.26,9,212.164.140.70,20
212.27.57.126,18,212.27.48.10,48
212.3.86.203,13,212.3.79.198,20
217.113.61.159,16,212.92.23.179,20
213.105.41.6,16,213.105.41.133,20
62.115.132.209,15,213.187.93.25,48
216.231.83.6,15,216.118.191.141,20
142.251.60.23,11,216.239.36.21,20
62.115.47.81,14,216.255.125.250,48
89.238.127.19,17,217.11.49.50,20
163.253.1.225,9,217.114.94.2,48
217.150.39.218,17,217.148.216.75,20
217.149.227.6,20,217.149.229.42,20
217.18.162.120,21,217.18.162.120,20
62.115.135.119,11,217.194.64.5,20
89.221.34.71,18,217.218.215.166,48
58.163.93.2,28,223.255.233.10,20
94.242.255.13,19,23.109.135.26,20
163.253.1.227,9,23.185.0.2,48
163.253.1.221,9,23.185.0.4,48
32.130.106.159,11,23.202.90.136,48
32.130.106.159,11,23.215.6.9,48
163.253.1.225,9,23.227.38.32,48
163.253.1.225,9,23.227.38.65,48
163.253.1.225,9,23.227.38.67,48
163.253.1.225,9,23.227.38.74,48
52.93.249.167,11,23.23.81.23,20
23.47.72.1,12,23.47.72.8,20
23.32.63.60,19,23.53.4.107,20
163.253.1.225,9,23.56.99.8,48
104.44.28.169,19,23.99.19.13,20
163.253.1.43,11,24.144.66.107,48
62.115.132.227,17,3.108.244.226,20
62.115.127.7,13,3.120.198.187,48
108.166.252.41,14,3.128.253.255,20
163.253.1.227,9,3.162.163.108,48
163.253.1.225,9,3.162.163.2,48
163.253.1.225,9,3.162.163.91,48
163.253.1.225,9,3.162.174.128,48
62.115.40.30,11,3.164.92.14,48
52.93.249.155,11,3.167.138.29,20
52.93.249.107,11,3.167.138.86,20
52.93.249.167,11,3.167.152.17,20
52.93.249.51,11,3.167.152.56,20
163.253.1.225,9,3.167.163.113,48
163.253.1.227,9,3.167.163.13,48
163.253.1.227,9,3.167.163.22,48
163.253.1.227,9,3.167.163.95,48
54.239.102.20,17,3.167.192.9,20
163.253.2.87,14,3.168.2.96,48
163.253.1.225,9,3.168.51.18,48
163.253.1.225,9,3.168.51.54,48
163.253.1.227,9,3.169.149.105,48
163.253.1.225,9,3.169.149.80,48
163.253.1.227,9,3.170.152.91,48
163.253.1.225,9,3.171.22.111,48
52.93.249.143,11,3.220.236.135,20
52.93.249.167,11,3.224.164.223,20
52.93.249.155,11,3.225.247.193,20
52.93.249.107,11,3.228.157.97,20
163.253.1.225,9,3.33.130.190,48
163.253.1.227,9,3.33.199.99,48
52.95.63.142,12,3.33.211.116,20
163.253.1.227,9,3.33.251.168,48
64.86.79.12,12,3.5.156.171,20
52.93.249.143,11,3.5.30.103,20
62.115.127.7,14,3.70.1.165,48
62.115.120.75,15,3.73.249.248,48
3.89.15.214,13,3.89.15.214,20
31.12.71.236,16,31.12.71.236,20
188.254.17.18,12,31.13.131.195,48
63.218.65.54,18,31.220.27.57,48
63.218.65.58,18,31.220.27.99,48
142.251.195.172,8,34.105.168.53,20
216.239.47.87,10,34.107.252.52,48
142.251.60.209,10,34.117.135.216,20
142.251.60.21,11,34.117.210.137,20
142.251.60.15,10,34.117.31.212,20
142.251.60.215,10,34.144.251.146,20
142.251.61.41,11,34.149.1.214,20
142.251.60.23,10,34.149.36.179,20
209.85.255.145,10,34.149.74.10,48
52.93.249.155,11,34.195.81.215,20
52.93.249.155,11,34.203.7.31,20
52.93.34.35,17,34.209.209.132,20
52.93.34.29,17,34.213.9.25,20
62.115.138.169,15,34.241.153.32,20
62.115.122.189,14,34.249.112.97,48
142.251.60.1,10,34.49.245.128,20
216.239.47.129,10,34.54.2.225,48
34.74.254.27,9,34.74.254.27,20
209.85.240.245,10,34.98.65.244,48
142.251.60.9,10,34.98.86.237,20
52.93.249.155,11,35.153.227.110,20
62.115.120.75,13,35.156.89.74,48
62.115.127.7,14,35.158.242.4,48
62.115.140.73,14,35.158.249.36,48
108.166.232.34,19,35.160.111.230,20
52.93.34.27,17,35.165.206.106,20
142.251.60.215,10,35.186.229.225,20
142.251.60.5,10,35.190.89.38,20
142.251.60.13,11,35.201.91.113,20
142.251.195.172,8,35.205.248.110,20
74.125.251.47,10,35.227.251.236,48
12.55.45.233,10,38.109.81.142,48
163.253.1.225,9,38.114.109.32,48
184.105.65.29,12,38.46.223.205,20
180.87.151.35,13,43.252.105.110,20
52.93.249.155,11,44.210.155.125,20
52.93.249.155,11,44.214.127.99,20
54.239.102.56,17,44.229.123.186,20
108.166.236.62,21,44.240.52.36,20
72.52.92.129,10,45.136.182.137,20
62.115.120.75,14,45.223.117.129,48
199.100.16.106,9,45.230.21.231,20
62.115.140.73,14,45.60.5.138,48
10.203.7.43,21,45.79.94.155,20
184.104.189.26,9,45.90.34.210,20
62.115.127.7,16,46.101.53.186,48
80.67.4.133,17,46.21.106.116,48
12.55.45.233,10,46.30.5.144,48
63.218.164.154,17,46.32.183.78,48
192.205.32.62,11,46.33.191.13,48
62.115.120.71,15,46.4.244.143,48
42.120.242.222,13,47.107.246.56,20
47.115.79.100,15,47.115.79.100,20
64.86.79.12,12,47.88.106.29,20
184.104.189.26,9,5.101.153.74,20
12.55.45.233,10,5.149.249.108,48
195.219.87.199,21,5.160.223.83,48
72.52.92.129,10,5.178.83.116,20
184.104.189.26,10,5.188.139.173,20
37.59.16.32,10,5.196.130.157,48
54.36.50.241,10,5.196.238.117,48
62.115.124.55,15,5.250.240.53,48
72.52.92.230,8,50.115.18.191,20
162.252.69.183,9,50.56.38.227,48
198.27.73.206,9,51.222.8.95,48
91.121.215.178,10,51.255.76.196,48
192.99.146.140,9,51.79.53.205,48
104.44.50.130,21,51.8.174.90,48
52.93.249.131,11,52.1.92.229,20
104.44.17.129,20,52.142.85.215,20
104.44.51.208,17,52.162.107.9,48
62.115.139.245,13,52.17.43.48,20
52.93.249.119,11,52.2.101.114,20
52.93.249.155,11,52.202.186.183,20
52.93.249.51,11,52.204.9.77,20
52.95.63.108,12,52.223.33.129,20
52.93.249.63,11,52.23.90.186,20
52.26.80.133,19,52.26.80.133,20
62.115.140.73,13,52.28.63.133,48
62.115.127.7,14,52.29.143.193,48
52.93.34.25,17,52.39.60.149,20
52.93.249.155,11,52.45.73.120,20
54.239.102.56,17,52.52.246.213,20
52.93.249.131,11,52.54.40.155,20
52.94.35.88,16,52.56.215.60,20
62.115.127.7,14,52.57.29.109,48
52.94.83.184,12,52.60.210.38,20
52.94.83.182,12,52.60.41.187,20
116.0.74.23,13,52.68.203.64,20
66.198.101.132,13,52.69.196.209,20
52.93.249.143,11,52.73.2.219,20
52.93.34.35,17,52.8.219.174,20
52.93.249.119,11,54.146.207.239,20
52.93.34.29,17,54.148.180.200,20
180.87.151.31,16,54.150.232.157,20
52.93.249.51,11,54.152.202.195,20
52.93.249.119,11,54.157.191.63,20
52.93.34.37,17,54.203.180.53,20
163.253.1.225,9,54.207.4.22,48
62.115.122.189,15,54.228.228.210,48
192.99.146.140,8,54.39.107.202,48
66.198.101.132,13,54.64.21.120,20
180.87.151.31,13,54.64.229.220,20
52.93.34.29,17,54.67.22.151,20
62.115.122.189,14,54.72.115.251,48
52.93.249.51,11,54.91.202.253,20
58.211.80.189,15,58.211.18.172,26
63.223.9.230,17,60.199.248.169,48
62.115.124.55,18,62.0.18.221,48
12.55.45.233,10,63.224.196.26,48
66.216.2.77,13,64.135.21.3,48
163.253.1.225,9,64.195.212.78,48
163.253.2.42,17,64.225.91.73,48
12.55.45.233,10,64.29.144.69,48
184.105.222.90,11,64.62.152.80,20
72.15.51.180,10,64.68.200.44,20
64.41.127.2,14,66.113.135.6,20
62.115.120.227,14,66.22.36.121,48
148.62.41.97,12,67.192.109.186,20
209.59.157.105,12,67.225.133.34,48
209.59.157.16,11,67.225.151.122,48
209.59.157.224,10,67.225.165.190,48
209.59.157.16,11,67.227.250.223,48
209.59.157.224,10,67.43.12.232,48
209.59.157.224,11,69.16.230.165,48
163.253.1.227,9,69.163.249.184,48
184.105.223.234,10,69.46.24.74,20
32.130.89.23,11,69.61.127.248,48
184.104.199.202,8,69.64.226.248,20
163.253.2.87,14,70.167.155.157,48
74.118.152.90,12,74.118.152.90,20
74.212.26.4,14,74.212.26.222,20
104.44.53.80,22,74.234.138.202,20
163.253.1.227,9,75.2.14.173,48
163.253.1.227,9,75.2.60.5,48
163.253.1.227,9,75.2.70.75,48
163.253.1.225,9,75.2.8.18,48
163.253.1.227,9,76.223.63.214,48
163.253.1.227,9,76.76.21.21,48
77.109.32.11,18,77.109.32.11,20
72.52.92.129,9,77.223.103.125,20
87.245.239.39,14,78.153.140.17,20
62.115.120.71,15,78.46.106.238,48
62.115.120.71,14,78.46.22.9,48
149.6.134.98,20,79.99.203.51,20
4.15.206.22,12,8.25.82.176,20
32.130.90.83,14,8.33.28.187,48
80.69.200.169,10,80.69.201.235,20
184.104.189.26,9,81.19.86.20,20
78.24.91.20,12,81.201.129.102,20
81.92.83.163,14,81.92.80.56,20
82.115.4.240,14,82.115.4.240,20
62.117.100.140,16,82.138.41.201,48
194.190.254.162,17,82.179.190.52,20
82.221.168.229,14,82.221.105.38,48
72.52.92.129,10,84.252.74.118,20
12.55.45.233,10,85.14.4.125,48
85.143.254.218,15,85.143.216.244,20
62.115.140.217,14,85.206.142.10,48
85.30.128.70,14,85.30.129.39,48
80.69.64.5,19,86.105.245.69,20
63.223.51.58,17,87.233.198.7,48
184.104.189.26,9,87.236.16.14,20
62.117.100.140,17,87.245.138.20,48
63.220.64.255,17,87.250.250.241,48
212.78.92.181,18,88.202.190.120,20
63.218.65.58,18,88.208.22.1,48
63.218.65.54,18,88.208.36.28,48
63.218.65.58,18,88.208.55.39,48
62.115.120.71,14,88.99.216.235,48
31.177.95.199,14,89.111.144.70,20
89.218.176.194,11,89.218.176.194,20
72.52.92.70,10,89.218.51.17,20
82.212.87.6,18,89.28.217.122,20
90.156.207.18,18,90.156.207.18,20
72.52.92.129,9,91.106.207.89,20
72.52.92.129,9,91.197.76.6,20
91.204.72.68,11,91.204.72.17,20
62.115.113.49,15,91.215.42.109,48
154.54.61.177,22,91.216.106.23,48
91.224.147.222,15,91.224.147.222,20
212.188.45.114,18,91.228.177.207,20
62.115.112.90,15,91.234.30.215,48
12.55.45.233,10,91.246.16.221,48
72.52.92.165,9,92.127.158.53,20
62.115.135.25,13,92.204.63.32,20
92.207.166.155,16,92.207.166.155,20
62.115.114.111,15,93.115.92.172,20
80.94.162.58,22,93.125.120.25,20
141.98.62.23,11,93.174.10.103,20
212.118.242.14,15,93.184.251.27,20
93.190.46.60,18,93.190.40.120,20
184.104.199.221,9,93.95.98.63,20
62.115.120.71,15,94.130.145.107,48
62.115.120.71,16,94.130.197.239,48
62.115.120.71,14,94.130.198.6,48
213.251.130.102,10,94.23.32.123,48
94.23.122.144,10,94.23.75.168,48
51.210.113.70,11,94.23.83.19,20
195.219.220.129,17,95.100.110.5,20
184.104.198.58,11,95.181.181.89,20
184.104.199.221,8,95.191.130.184,20
135.181.118.151,18,95.216.92.116,20
65.108.119.32,19,95.217.22.178,20
148.62.41.99,12,98.129.228.59,20
62.115.138.169,14,99.80.60.134,20
163.253.1.225,9,99.83.190.102,48
